{
  "docs": {
    "Introduction": [
      "introduction/overview",
      "introduction/install",
      "introduction/how-to-run"
    ],
    "Advanced Functionality": [
      "advanced-functionality/second-trees",
      "advanced-functionality/view-settings",
      "advanced-functionality/drag-drop-csv-tsv",
      "advanced-functionality/misc"
    ],
    "Customising Auspice": [
      "customise-client/introduction",
      "customise-client/api",
      "customise-client/requests"
    ],
    "Using a Custom Server": [
      "server/introduction",
      "server/api",
      "server/authentication"
    ],
    "Narratives": [
      "narratives/introduction",
      "narratives/how-to-write",
      "narratives/create-pdf"
    ],
    "Release Notes": [
      "releases/changelog",
      "releases/v2"
    ],
    "Contributing": [
      "contributing/overview"
    ]
  }
}